False_Positive_Rate,True_Positive_Rate,Threshold
0.0,0.0,inf
0.0,0.0009225092250922509,0.86672497
0.0009082652134423251,0.0009225092250922509,0.86252296
0.0009082652134423251,0.006457564575645757,0.8536317
0.0018165304268846503,0.006457564575645757,0.8530019
0.0018165304268846503,0.01107011070110701,0.8507647
0.0027247956403269754,0.01107011070110701,0.850747
0.0027247956403269754,0.024907749077490774,0.84442896
0.0036330608537693005,0.024907749077490774,0.84370327
0.0036330608537693005,0.03044280442804428,0.84250414
0.004541326067211626,0.03044280442804428,0.8422954
0.004541326067211626,0.03413284132841329,0.84065187
0.005449591280653951,0.03413284132841329,0.8395287
0.005449591280653951,0.03505535055350553,0.8393389
0.006357856494096276,0.03505535055350553,0.83929646
0.006357856494096276,0.04151291512915129,0.83618015
0.007266121707538601,0.04151291512915129,0.8357023
0.007266121707538601,0.0507380073800738,0.83308506
0.009082652134423252,0.0507380073800738,0.8324669
0.009082652134423252,0.05166051660516605,0.83243155
0.011807447774750226,0.05166051660516605,0.8322409
0.011807447774750226,0.07103321033210332,0.8274596
0.012715712988192553,0.07103321033210332,0.82680994
0.012715712988192553,0.07841328413284133,0.8256211
0.013623978201634877,0.07841328413284133,0.8255411
0.013623978201634877,0.08671586715867159,0.82407475
0.014532243415077202,0.08671586715867159,0.8239734
0.014532243415077202,0.10608856088560886,0.82143694
0.015440508628519528,0.10608856088560886,0.8214074
0.015440508628519528,0.1070110701107011,0.8213726
0.01634877384196185,0.1070110701107011,0.8213076
0.01634877384196185,0.11162361623616236,0.8210265
0.01725703905540418,0.11162361623616236,0.8208502
0.01725703905540418,0.11439114391143912,0.8207545
0.018165304268846504,0.11439114391143912,0.8203869
0.018165304268846504,0.11900369003690037,0.8200967
0.01907356948228883,0.11900369003690037,0.81997174
0.01907356948228883,0.1282287822878229,0.81870365
0.019981834695731154,0.1282287822878229,0.8184208
0.019981834695731154,0.12915129151291513,0.81840277
0.02089009990917348,0.12915129151291513,0.8183269
0.02089009990917348,0.13099630996309963,0.8178604
0.021798365122615803,0.13099630996309963,0.8178204
0.021798365122615803,0.13560885608856088,0.81692404
0.022706630336058128,0.13560885608856088,0.8167917
0.022706630336058128,0.13837638376383765,0.8161336
0.023614895549500452,0.13837638376383765,0.8160408
0.023614895549500452,0.14575645756457564,0.8151921
0.02452316076294278,0.14575645756457564,0.8151263
0.02452316076294278,0.1466789667896679,0.8151049
0.02633969118982743,0.1466789667896679,0.8147919
0.02633969118982743,0.1522140221402214,0.81363004
0.027247956403269755,0.1522140221402214,0.8132986
0.027247956403269755,0.16236162361623616,0.81195086
0.02815622161671208,0.16236162361623616,0.8119308
0.02815622161671208,0.1688191881918819,0.8111969
0.029064486830154404,0.1688191881918819,0.81107545
0.029064486830154404,0.17435424354243542,0.80993366
0.02997275204359673,0.17435424354243542,0.80989647
0.02997275204359673,0.17619926199261993,0.80977464
0.030881017257039057,0.17619926199261993,0.8096281
0.030881017257039057,0.18450184501845018,0.8082198
0.03178928247048138,0.18450184501845018,0.80788416
0.03178928247048138,0.19557195571955718,0.80641365
0.03451407811080836,0.19557195571955718,0.80607647
0.03451407811080836,0.1974169741697417,0.80598986
0.035422343324250684,0.1974169741697417,0.8057461
0.035422343324250684,0.2047970479704797,0.80481315
0.03633060853769301,0.2047970479704797,0.80469424
0.03633060853769301,0.20571955719557194,0.8046016
0.03723887375113533,0.20571955719557194,0.80443746
0.03723887375113533,0.22140221402214022,0.80221957
0.03814713896457766,0.22140221402214022,0.8020775
0.03814713896457766,0.22509225092250923,0.80183303
0.03905540417801998,0.22509225092250923,0.8018258
0.03905540417801998,0.22601476014760147,0.8017542
0.03996366939146231,0.22601476014760147,0.8014506
0.03996366939146231,0.22878228782287824,0.8011269
0.04087193460490463,0.22878228782287824,0.80111223
0.04087193460490463,0.22970479704797048,0.80097663
0.04178019981834696,0.22970479704797048,0.80073273
0.04178019981834696,0.24261992619926198,0.7990918
0.043596730245231606,0.24261992619926198,0.79875386
0.043596730245231606,0.2444649446494465,0.7987324
0.043596730245231606,0.2481549815498155,0.7982707
0.04450499545867393,0.2481549815498155,0.7982043
0.04450499545867393,0.25461254612546125,0.79758394
0.045413260672116255,0.25461254612546125,0.7975535
0.045413260672116255,0.2592250922509225,0.79726374
0.04632152588555858,0.2592250922509225,0.7971199
0.04632152588555858,0.26845018450184505,0.7966002
0.047229791099000905,0.26845018450184505,0.7965325
0.047229791099000905,0.2693726937269373,0.79651713
0.048138056312443236,0.2693726937269373,0.7964721
0.048138056312443236,0.2730627306273063,0.79614097
0.04904632152588556,0.2730627306273063,0.79604936
0.04904632152588556,0.275830258302583,0.795877
0.049954586739327886,0.275830258302583,0.79582477
0.049954586739327886,0.2767527675276753,0.7957534
0.05086285195277021,0.2767527675276753,0.7957044
0.05086285195277021,0.2785977859778598,0.795531
0.051771117166212535,0.2785977859778598,0.79547477
0.051771117166212535,0.28136531365313655,0.79522705
0.05267938237965486,0.28136531365313655,0.7950527
0.05267938237965486,0.2933579335793358,0.79376656
0.053587647593097185,0.2933579335793358,0.7936542
0.053587647593097185,0.29704797047970477,0.7934466
0.05449591280653951,0.29704797047970477,0.7932923
0.05449591280653951,0.3145756457564576,0.79194987
0.055404178019981834,0.3145756457564576,0.7917217
0.055404178019981834,0.31642066420664205,0.7916041
0.05631244323342416,0.31642066420664205,0.79154223
0.05631244323342416,0.33025830258302585,0.7906151
0.05722070844686648,0.33025830258302585,0.79057026
0.05722070844686648,0.3348708487084871,0.79027057
0.05812897366030881,0.3348708487084871,0.79012567
0.05812897366030881,0.3422509225092251,0.789225
0.05903723887375113,0.3422509225092251,0.78918517
0.05903723887375113,0.34870848708487084,0.788664
0.05903723887375113,0.3505535055350554,0.78864694
0.05903723887375113,0.35239852398523985,0.7882727
0.05994550408719346,0.35239852398523985,0.7881527
0.05994550408719346,0.3533210332103321,0.7880805
0.06085376930063579,0.3533210332103321,0.7879869
0.06085376930063579,0.35424354243542433,0.78798616
0.06085376930063579,0.35608856088560886,0.7878836
0.06085376930063579,0.35885608856088563,0.78769153
0.061762034514078114,0.35885608856088563,0.7876657
0.061762034514078114,0.3643911439114391,0.78679436
0.06267029972752043,0.3643911439114391,0.7867707
0.06267029972752043,0.3671586715867159,0.7864848
0.06357856494096276,0.3671586715867159,0.7864114
0.06357856494096276,0.36900369003690037,0.7863065
0.06448683015440508,0.36900369003690037,0.78620887
0.06448683015440508,0.37453874538745385,0.78573596
0.06630336058128973,0.37453874538745385,0.78555727
0.06630336058128973,0.37546125461254615,0.78548336
0.06721162579473206,0.37546125461254615,0.785446
0.06721162579473206,0.3773062730627306,0.7854428
0.06721162579473206,0.38099630996309963,0.785197
0.0681198910081744,0.38099630996309963,0.78502023
0.0681198910081744,0.38191881918819187,0.7848488
0.06993642143505904,0.38191881918819187,0.7844502
0.06993642143505904,0.39206642066420666,0.783699
0.07084468664850137,0.39206642066420666,0.78341144
0.07084468664850137,0.3929889298892989,0.7832638
0.07175295186194369,0.3929889298892989,0.78322077
0.07175295186194369,0.4003690036900369,0.78270066
0.07266121707538602,0.4003690036900369,0.782356
0.07266121707538602,0.4077490774907749,0.781315
0.07356948228882834,0.4077490774907749,0.7812008
0.07356948228882834,0.4095940959409594,0.7808933
0.07447774750227067,0.4095940959409594,0.78073937
0.07447774750227067,0.41420664206642066,0.7796508
0.07538601271571299,0.41420664206642066,0.7794633
0.07538601271571299,0.4261992619926199,0.77825636
0.07720254314259764,0.4261992619926199,0.77811015
0.07720254314259764,0.43726937269372695,0.7757312
0.07811080835603997,0.43726937269372695,0.77554506
0.07811080835603997,0.4381918819188192,0.7752072
0.07901907356948229,0.4381918819188192,0.7751422
0.07901907356948229,0.43911439114391143,0.77503216
0.07992733878292461,0.43911439114391143,0.77500683
0.07992733878292461,0.4455719557195572,0.77306175
0.08174386920980926,0.4455719557195572,0.7730223
0.08174386920980926,0.4474169741697417,0.7729131
0.08265213442325159,0.4474169741697417,0.772759
0.08265213442325159,0.4492619926199262,0.7727006
0.08265213442325159,0.4511070110701107,0.77260077
0.08356039963669391,0.4511070110701107,0.7725996
0.08356039963669391,0.4566420664206642,0.7715033
0.08356039963669391,0.4584870848708487,0.77121675
0.08356039963669391,0.4612546125461255,0.7710897
0.08446866485013624,0.4612546125461255,0.770767
0.08446866485013624,0.46309963099630996,0.77009845
0.08537693006357856,0.46309963099630996,0.7700867
0.08537693006357856,0.4640221402214022,0.7700702
0.08628519527702089,0.4640221402214022,0.770068
0.08628519527702089,0.466789667896679,0.7698291
0.09082652134423251,0.466789667896679,0.76774096
0.09082652134423251,0.46863468634686345,0.7663399
0.09445958219800181,0.46863468634686345,0.7607205
0.09445958219800181,0.4714022140221402,0.75730735
0.09536784741144415,0.4714022140221402,0.7571975
0.09536784741144415,0.4769372693726937,0.7558795
0.09627611262488647,0.4769372693726937,0.75547695
0.09627611262488647,0.4806273062730627,0.75373936
0.09809264305177112,0.4806273062730627,0.7524216
0.09809264305177112,0.4843173431734317,0.7489748
0.09900090826521345,0.4843173431734317,0.748147
0.09900090826521345,0.4907749077490775,0.7463118
0.1008174386920981,0.4907749077490775,0.74570084
0.1008174386920981,0.49169741697416974,0.7452424
0.10172570390554042,0.49169741697416974,0.7447772
0.10172570390554042,0.5027675276752768,0.73719037
0.10263396911898275,0.5027675276752768,0.7369685
0.10263396911898275,0.5046125461254612,0.73558176
0.10354223433242507,0.5046125461254612,0.7349297
0.10354223433242507,0.5055350553505535,0.73461664
0.1044504995458674,0.5055350553505535,0.73314893
0.1044504995458674,0.5064575645756457,0.7318431
0.10535876475930972,0.5064575645756457,0.73158175
0.10535876475930972,0.5083025830258303,0.7311577
0.10626702997275204,0.5083025830258303,0.73084354
0.10626702997275204,0.5119926199261993,0.7245288
0.10717529518619437,0.5119926199261993,0.71401215
0.10717529518619437,0.518450184501845,0.70542556
0.1080835603996367,0.518450184501845,0.70419973
0.1080835603996367,0.5193726937269373,0.7040734
0.10899182561307902,0.5193726937269373,0.69874924
0.10899182561307902,0.5212177121771218,0.6939168
0.11080835603996367,0.5212177121771218,0.6931755
0.11080835603996367,0.5249077490774908,0.69254106
0.11262488646684832,0.5249077490774908,0.6900851
0.11262488646684832,0.5267527675276753,0.68700016
0.11625794732061762,0.5267527675276753,0.678866
0.11625794732061762,0.5276752767527675,0.6785294
0.11716621253405994,0.5276752767527675,0.6754844
0.11716621253405994,0.5295202952029521,0.6729009
0.11807447774750227,0.5295202952029521,0.67273104
0.11807447774750227,0.5322878228782287,0.67120105
0.11898274296094459,0.5322878228782287,0.6690163
0.11898274296094459,0.5350553505535055,0.66550976
0.12079927338782924,0.5350553505535055,0.6641803
0.12079927338782924,0.5359778597785978,0.6636207
0.12352406902815623,0.5359778597785978,0.6612446
0.12352406902815623,0.5369003690036901,0.6598507
0.12443233424159855,0.5369003690036901,0.6597302
0.12443233424159855,0.5387453874538746,0.6577481
0.12534059945504086,0.5387453874538746,0.65755206
0.12534059945504086,0.5461254612546126,0.6491674
0.1262488646684832,0.5461254612546126,0.6473979
0.1262488646684832,0.5470479704797048,0.6471242
0.1271571298819255,0.5470479704797048,0.6470394
0.1271571298819255,0.5488929889298892,0.6465907
0.12806539509536785,0.5488929889298892,0.64630556
0.12806539509536785,0.5571955719557196,0.64284587
0.12897366030881016,0.5571955719557196,0.64217293
0.12897366030881016,0.5599630996309963,0.63994706
0.1307901907356948,0.5599630996309963,0.63915235
0.1307901907356948,0.5627306273062731,0.6379553
0.13169845594913715,0.5627306273062731,0.63755155
0.13169845594913715,0.5636531365313653,0.63573253
0.1344232515894641,0.5636531365313653,0.6355237
0.1344232515894641,0.5673431734317343,0.6331464
0.1371480472297911,0.5673431734317343,0.6323118
0.1371480472297911,0.5765682656826568,0.6283934
0.13896457765667575,0.5765682656826568,0.6279135
0.13896457765667575,0.5802583025830258,0.6244367
0.1407811080835604,0.5802583025830258,0.6229372
0.1407811080835604,0.5811808118081181,0.6226818
0.14168937329700274,0.5811808118081181,0.62052965
0.14168937329700274,0.5830258302583026,0.61878264
0.14350590372388738,0.5830258302583026,0.61715025
0.14350590372388738,0.5857933579335793,0.61628556
0.14532243415077203,0.5857933579335793,0.61573493
0.14532243415077203,0.5876383763837638,0.6147665
0.14713896457765668,0.5876383763837638,0.6130973
0.14713896457765668,0.5885608856088561,0.6130474
0.14895549500454133,0.5885608856088561,0.61112523
0.14895549500454133,0.5904059040590406,0.6106478
0.14986376021798364,0.5904059040590406,0.6100067
0.14986376021798364,0.5913284132841329,0.6096311
0.15077202543142598,0.5913284132841329,0.6087259
0.15077202543142598,0.5996309963099631,0.6028497
0.15349682107175294,0.5996309963099631,0.5996169
0.15349682107175294,0.6005535055350554,0.59943885
0.15440508628519528,0.6005535055350554,0.5994386
0.15440508628519528,0.6014760147601476,0.5990228
0.1553133514986376,0.6014760147601476,0.5978144
0.15622161671207993,0.6023985239852399,0.59781134
0.1589464123524069,0.6023985239852399,0.59566975
0.16076294277929154,0.6033210332103321,0.59517014
0.16167120799273388,0.6033210332103321,0.59296525
0.16167120799273388,0.6070110701107011,0.5909014
0.16257947320617622,0.6070110701107011,0.5877707
0.16257947320617622,0.6088560885608856,0.5871041
0.16348773841961853,0.6088560885608856,0.58574855
0.16348773841961853,0.6097785977859779,0.58557606
0.16530426884650318,0.6097785977859779,0.58531296
0.16530426884650318,0.6125461254612546,0.5843024
0.16621253405994552,0.6125461254612546,0.58297634
0.16621253405994552,0.6134686346863468,0.5825388
0.16802906448683017,0.6134686346863468,0.58130014
0.16802906448683017,0.6171586715867159,0.579965
0.16893732970027248,0.6171586715867159,0.5798941
0.16893732970027248,0.6180811808118081,0.5796223
0.17257039055404177,0.6180811808118081,0.57812965
0.17257039055404177,0.6190036900369004,0.5780714
0.17892824704813806,0.6190036900369004,0.5744675
0.17892824704813806,0.6208487084870848,0.5730475
0.18256130790190736,0.6208487084870848,0.5717112
0.18256130790190736,0.6245387453874539,0.56959975
0.18346957311534967,0.6245387453874539,0.5694119
0.18346957311534967,0.6254612546125461,0.5691581
0.184377838328792,0.6254612546125461,0.5688013
0.184377838328792,0.6263837638376384,0.56860095
0.18528610354223432,0.6263837638376384,0.5683745
0.18528610354223432,0.6291512915129152,0.5673281
0.18619436875567666,0.6291512915129152,0.56696385
0.18619436875567666,0.6300738007380073,0.565942
0.18710263396911897,0.6309963099630996,0.56467605
0.18710263396911897,0.6346863468634686,0.5638205
0.18891916439600362,0.6346863468634686,0.56318986
0.18891916439600362,0.6374538745387454,0.5616133
0.18982742960944596,0.6374538745387454,0.56008506
0.18982742960944596,0.6411439114391144,0.5576009
0.19255222524977295,0.6411439114391144,0.5564666
0.19255222524977295,0.6420664206642066,0.5559282
0.19709355131698456,0.6420664206642066,0.5528628
0.19709355131698456,0.6429889298892989,0.5526895
0.20072661217075385,0.6429889298892989,0.54905725
0.20072661217075385,0.6466789667896679,0.5468768
0.2016348773841962,0.6466789667896679,0.54478526
0.2016348773841962,0.6485239852398524,0.5428093
0.2025431425976385,0.6485239852398524,0.54244256
0.2025431425976385,0.6531365313653137,0.5407382
0.2061762034514078,0.6531365313653137,0.53876513
0.2061762034514078,0.6559040590405905,0.5377908
0.20799273387829245,0.6559040590405905,0.53632087
0.20799273387829245,0.6577490774907749,0.5347191
0.2089009990917348,0.6577490774907749,0.5333767
0.2089009990917348,0.6595940959409594,0.5323984
0.21071752951861944,0.6595940959409594,0.53175163
0.21071752951861944,0.6614391143911439,0.5302131
0.21162579473206175,0.6614391143911439,0.529926
0.21162579473206175,0.6632841328413284,0.5289223
0.21162579473206175,0.6660516605166051,0.5248815
0.2125340599455041,0.6660516605166051,0.5239015
0.2125340599455041,0.6669741697416974,0.5209001
0.2134423251589464,0.6669741697416974,0.52075803
0.2134423251589464,0.6697416974169742,0.5183766
0.21525885558583105,0.6697416974169742,0.51713836
0.21525885558583105,0.6715867158671587,0.5155619
0.2161671207992734,0.6715867158671587,0.5153177
0.2161671207992734,0.672509225092251,0.51520723
0.21798365122615804,0.672509225092251,0.5116009
0.21798365122615804,0.6752767527675276,0.51084876
0.22434150772025432,0.6752767527675276,0.5088731
0.22434150772025432,0.6761992619926199,0.50780594
0.22524977293369663,0.6761992619926199,0.507763
0.22524977293369663,0.6771217712177122,0.507618
0.22615803814713897,0.6771217712177122,0.506475
0.22615803814713897,0.6780442804428044,0.50631464
0.22706630336058128,0.6780442804428044,0.5032527
0.22706630336058128,0.6789667896678967,0.50247854
0.22888283378746593,0.6789667896678967,0.50093704
0.22888283378746593,0.6798892988929889,0.49998102
0.22979109900090827,0.6798892988929889,0.49994528
0.22979109900090827,0.6808118081180812,0.4984966
0.23069936421435058,0.6808118081180812,0.4953156
0.23069936421435058,0.6817343173431735,0.49399525
0.23160762942779292,0.6817343173431735,0.49294537
0.23160762942779292,0.6845018450184502,0.48890486
0.23251589464123523,0.6845018450184502,0.4863545
0.23251589464123523,0.6863468634686347,0.48298138
0.23433242506811988,0.6863468634686347,0.48106256
0.23433242506811988,0.6881918819188192,0.48009148
0.23524069028156222,0.6881918819188192,0.4797222
0.23524069028156222,0.6891143911439115,0.47897962
0.23796548592188918,0.6891143911439115,0.47543025
0.23796548592188918,0.6900369003690037,0.4743564
0.23887375113533152,0.6900369003690037,0.47418135
0.23887375113533152,0.690959409594096,0.47417715
0.23978201634877383,0.690959409594096,0.47194546
0.23978201634877383,0.6918819188191881,0.47117698
0.24069028156221617,0.6918819188191881,0.4682783
0.24069028156221617,0.6928044280442804,0.46787512
0.24250681198910082,0.6928044280442804,0.46679646
0.24250681198910082,0.6946494464944649,0.46597174
0.24613987284287012,0.6946494464944649,0.4645892
0.24613987284287012,0.6964944649446494,0.4633216
0.2488646684831971,0.6964944649446494,0.4612087
0.2488646684831971,0.7001845018450185,0.45924118
0.2506811989100817,0.7001845018450185,0.459181
0.2524977293369664,0.7001845018450185,0.4587196
0.2524977293369664,0.7011070110701108,0.45795768
0.25340599455040874,0.7011070110701108,0.4579164
0.25522252497729336,0.7011070110701108,0.45780808
0.2561307901907357,0.7011070110701108,0.4574592
0.2561307901907357,0.7020295202952029,0.45661786
0.259763851044505,0.7020295202952029,0.45278803
0.259763851044505,0.7029520295202952,0.45010448
0.26067211625794734,0.7029520295202952,0.44991085
0.26067211625794734,0.7047970479704797,0.448841
0.2615803814713896,0.7047970479704797,0.44841048
0.2615803814713896,0.7075645756457565,0.44634452
0.26248864668483196,0.7075645756457565,0.44603422
0.26248864668483196,0.7084870848708487,0.44580382
0.2633969118982743,0.7084870848708487,0.44540545
0.2633969118982743,0.709409594095941,0.44529825
0.26430517711171664,0.709409594095941,0.44435504
0.26430517711171664,0.7112546125461254,0.44274417
0.2670299727520436,0.7112546125461254,0.44174233
0.2670299727520436,0.7121771217712177,0.4412179
0.2670299727520436,0.7140221402214022,0.44116396
0.26793823796548594,0.7140221402214022,0.4396858
0.26793823796548594,0.7177121771217713,0.43698782
0.26975476839237056,0.7177121771217713,0.43645674
0.26975476839237056,0.7186346863468634,0.43490326
0.2706630336058129,0.7186346863468634,0.43438
0.2706630336058129,0.7195571955719557,0.43379152
0.27338782924613986,0.7195571955719557,0.43298113
0.27338782924613986,0.7204797047970479,0.4324353
0.2742960944595822,0.7204797047970479,0.43234625
0.2742960944595822,0.7214022140221402,0.43190414
0.27520435967302453,0.7214022140221402,0.4315758
0.27520435967302453,0.7223247232472325,0.43045485
0.27974568574023617,0.7223247232472325,0.42552087
0.27974568574023617,0.7232472324723247,0.42551574
0.28428701180744775,0.7232472324723247,0.42212513
0.28428701180744775,0.7260147601476015,0.42052132
0.2888283378746594,0.7260147601476015,0.4189343
0.2888283378746594,0.7269372693726938,0.41863316
0.28973660308810173,0.7269372693726938,0.41813394
0.28973660308810173,0.727859778597786,0.4179522
0.29155313351498635,0.727859778597786,0.41697156
0.29155313351498635,0.7297047970479705,0.41624275
0.29336966394187103,0.7297047970479705,0.415435
0.29336966394187103,0.7306273062730627,0.41537508
0.29518619436875565,0.7306273062730627,0.4134164
0.296094459582198,0.731549815498155,0.4128997
0.2970027247956403,0.731549815498155,0.41264617
0.2970027247956403,0.7324723247232472,0.41207033
0.298819255222525,0.7324723247232472,0.41040072
0.298819255222525,0.7333948339483395,0.41031054
0.3006357856494096,0.7333948339483395,0.40933895
0.30154405086285196,0.7343173431734318,0.4090858
0.3024523160762943,0.7343173431734318,0.40887702
0.3024523160762943,0.735239852398524,0.40861297
0.3033605812897366,0.735239852398524,0.40809202
0.3033605812897366,0.7361623616236163,0.40797496
0.3033605812897366,0.7380073800738007,0.40749815
0.3042688465031789,0.7380073800738007,0.40744287
0.3042688465031789,0.7407749077490775,0.40528938
0.3060853769300636,0.7407749077490775,0.4048559
0.3060853769300636,0.7416974169741697,0.4047379
0.3079019073569482,0.7435424354243543,0.40369952
0.3079019073569482,0.7472324723247232,0.40146145
0.31244323342415986,0.7472324723247232,0.40064842
0.31244323342415986,0.7481549815498155,0.4000858
0.3133514986376022,0.7481549815498155,0.40004113
0.3133514986376022,0.7490774907749077,0.39982587
0.3169845594913715,0.7490774907749077,0.3981415
0.3169845594913715,0.7509225092250923,0.39697003
0.31970935513169846,0.7509225092250923,0.39580876
0.31970935513169846,0.7518450184501845,0.39553165
0.3206176203451408,0.7518450184501845,0.39530298
0.3206176203451408,0.753690036900369,0.39499193
0.3224341507720254,0.753690036900369,0.39469874
0.3224341507720254,0.7546125461254612,0.39386442
0.32334241598546776,0.7546125461254612,0.39334822
0.3242506811989101,0.7555350553505535,0.3931142
0.3242506811989101,0.7564575645756457,0.39308998
0.32515894641235243,0.7564575645756457,0.39305392
0.32515894641235243,0.757380073800738,0.3930021
0.32697547683923706,0.757380073800738,0.3924081
0.32697547683923706,0.7583025830258303,0.392264
0.3278837420526794,0.7583025830258303,0.39220822
0.32879200726612173,0.7601476014760148,0.39150062
0.33060853769300635,0.7601476014760148,0.39131922
0.33242506811989103,0.7601476014760148,0.39047375
0.33242506811989103,0.7619926199261993,0.38943496
0.3333333333333333,0.7619926199261993,0.38875076
0.3333333333333333,0.7629151291512916,0.38861418
0.33424159854677565,0.7629151291512916,0.38842097
0.33424159854677565,0.7638376383763837,0.38840038
0.335149863760218,0.7638376383763837,0.3879322
0.335149863760218,0.7656826568265682,0.38728487
0.33605812897366033,0.7656826568265682,0.38717383
0.33605812897366033,0.7666051660516605,0.3868136
0.3387829246139873,0.7666051660516605,0.38569182
0.3387829246139873,0.7675276752767528,0.385553
0.3405994550408719,0.768450184501845,0.38486192
0.3405994550408719,0.7693726937269373,0.3847867
0.3460490463215259,0.7693726937269373,0.38266245
0.3460490463215259,0.7702952029520295,0.38261983
0.3478655767484105,0.7702952029520295,0.38240683
0.3478655767484105,0.772140221402214,0.3818993
0.35149863760217986,0.772140221402214,0.38142154
0.35149863760217986,0.7730627306273062,0.38125515
0.3533151680290645,0.7730627306273062,0.38106212
0.3533151680290645,0.7749077490774908,0.3806044
0.3569482288828338,0.7749077490774908,0.37954438
0.3569482288828338,0.7776752767527675,0.37850198
0.3578564940962761,0.7776752767527675,0.37846264
0.35967302452316074,0.7776752767527675,0.37817442
0.36603088101725706,0.7776752767527675,0.3744561
0.36603088101725706,0.7785977859778598,0.37437385
0.368755676657584,0.7785977859778598,0.37404066
0.368755676657584,0.7804428044280443,0.37374365
0.36966394187102636,0.7804428044280443,0.37364274
0.371480472297911,0.7804428044280443,0.37331697
0.371480472297911,0.7813653136531366,0.37322524
0.3723887375113533,0.7813653136531366,0.3727741
0.3723887375113533,0.7822878228782287,0.37271056
0.37329700272479566,0.7822878228782287,0.37264827
0.37329700272479566,0.7841328413284133,0.37153718
0.37420526793823794,0.7841328413284133,0.36989182
0.37420526793823794,0.7859778597785978,0.36927474
0.37693006357856496,0.7859778597785978,0.36808887
0.37693006357856496,0.7887453874538746,0.36767134
0.37783832879200724,0.7887453874538746,0.3676133
0.37783832879200724,0.7915129151291513,0.36694363
0.3787465940054496,0.7915129151291513,0.36636308
0.3787465940054496,0.7924354243542435,0.3662621
0.3796548592188919,0.7924354243542435,0.36615422
0.3796548592188919,0.7933579335793358,0.365889
0.3832879200726612,0.7933579335793358,0.36484477
0.3832879200726612,0.7952029520295203,0.36471817
0.3832879200726612,0.7961254612546126,0.36471516
0.38419618528610355,0.7961254612546126,0.36458117
0.38419618528610355,0.7979704797047971,0.36351007
0.38782924613987285,0.7979704797047971,0.3628831
0.3896457765667575,0.7988929889298892,0.3628105
0.3932788374205268,0.7988929889298892,0.36245865
0.3932788374205268,0.7998154981549815,0.36239758
0.3960036330608538,0.7998154981549815,0.36148605
0.3960036330608538,0.8025830258302583,0.36087444
0.39691189827429607,0.8025830258302583,0.36060384
0.39691189827429607,0.8044280442804428,0.36018115
0.3978201634877384,0.8044280442804428,0.35996872
0.3978201634877384,0.8081180811808119,0.35926324
0.40417801998183467,0.8081180811808119,0.35800803
0.40599455040871935,0.8081180811808119,0.35798496
0.407811080835604,0.8081180811808119,0.35788262
0.407811080835604,0.8099630996309963,0.3575532
0.40962761126248864,0.8099630996309963,0.3574547
0.40962761126248864,0.8108856088560885,0.35738316
0.4123524069028156,0.8108856088560885,0.35718733
0.4123524069028156,0.8118081180811808,0.3571069
0.4141689373297003,0.8118081180811808,0.35675022
0.4141689373297003,0.8127306273062731,0.35660687
0.41689373297002724,0.8127306273062731,0.355988
0.41689373297002724,0.8136531365313653,0.35598576
0.42052679382379654,0.8136531365313653,0.35483596
0.42052679382379654,0.8145756457564576,0.35474628
0.4223433242506812,0.8145756457564576,0.35410026
0.4223433242506812,0.8154981549815498,0.3536187
0.4296094459582198,0.8154981549815498,0.3515507
0.4296094459582198,0.8182656826568265,0.35055527
0.43142597638510444,0.8182656826568265,0.3498878
0.43142597638510444,0.8191881918819188,0.34935075
0.4332425068119891,0.8191881918819188,0.34890175
0.4332425068119891,0.8210332103321033,0.34856668
0.4332425068119891,0.8228782287822878,0.34815714
0.4359673024523161,0.8228782287822878,0.34768656
0.4359673024523161,0.8238007380073801,0.34768346
0.4368755676657584,0.8238007380073801,0.34757936
0.4368755676657584,0.8247232472324724,0.347478
0.43778383287920075,0.8256457564575646,0.34743083
0.43778383287920075,0.8265682656826568,0.34736714
0.4396003633060854,0.8265682656826568,0.34717664
0.4396003633060854,0.827490774907749,0.3471358
0.4405086285195277,0.827490774907749,0.34712785
0.4405086285195277,0.8284132841328413,0.34704477
0.44595821980018163,0.8284132841328413,0.34667158
0.44595821980018163,0.8293357933579336,0.34649518
0.44686648501362397,0.8293357933579336,0.3464468
0.4477747502270663,0.8302583025830258,0.34540173
0.4477747502270663,0.8311808118081181,0.34537417
0.44868301544050865,0.8311808118081181,0.34535456
0.45049954586739327,0.8321033210332104,0.34533828
0.45049954586739327,0.8330258302583026,0.34496653
0.4514078110808356,0.8339483394833949,0.34487733
0.45322434150772023,0.8339483394833949,0.34476382
0.45322434150772023,0.834870848708487,0.34453467
0.45413260672116257,0.834870848708487,0.34427387
0.45413260672116257,0.8357933579335793,0.3436941
0.45594913714804725,0.8367158671586716,0.3434627
0.45776566757493187,0.8367158671586716,0.34295946
0.45958219800181654,0.8367158671586716,0.3425068
0.45958219800181654,0.8376383763837638,0.34245372
0.4604904632152589,0.8376383763837638,0.34224904
0.4604904632152589,0.8385608856088561,0.34204587
0.4623069936421435,0.8385608856088561,0.34169066
0.4623069936421435,0.8394833948339483,0.34164298
0.46321525885558584,0.8394833948339483,0.34150562
0.4659400544959128,0.8404059040590406,0.34144837
0.4677565849227975,0.8404059040590406,0.34102443
0.4677565849227975,0.8422509225092251,0.34036428
0.46866485013623976,0.8431734317343174,0.3402866
0.47048138056312444,0.8431734317343174,0.3398555
0.47048138056312444,0.8459409594095941,0.33950418
0.4768392370572207,0.8459409594095941,0.337912
0.47956403269754766,0.8468634686346863,0.33777264
0.48319709355131696,0.8468634686346863,0.3368868
0.4841053587647593,0.8477859778597786,0.33672008
0.48501362397820164,0.8477859778597786,0.33663037
0.4868301544050863,0.8496309963099631,0.3366074
0.4877384196185286,0.8496309963099631,0.33660677
0.4877384196185286,0.8514760147601476,0.33626127
0.48864668483197093,0.8514760147601476,0.33608395
0.48864668483197093,0.8523985239852399,0.33568802
0.4904632152588556,0.8523985239852399,0.33510217
0.49227974568574023,0.8533210332103321,0.3350827
0.49227974568574023,0.8542435424354243,0.3348506
0.49318801089918257,0.8542435424354243,0.33464327
0.4940962761126249,0.8551660516605166,0.33384448
0.49954586739327883,0.8551660516605166,0.3334049
0.49954586739327883,0.8560885608856088,0.33338362
0.5004541326067211,0.8560885608856088,0.33336613
0.5022706630336058,0.8560885608856088,0.33331916
0.5059037238873751,0.8560885608856088,0.33216944
0.5059037238873751,0.8570110701107011,0.33215946
0.5131698455949137,0.8570110701107011,0.3306979
0.5158946412352406,0.8570110701107011,0.33069462
0.5158946412352406,0.8579335793357934,0.33067933
0.5177111716621253,0.8579335793357934,0.330553
0.5204359673024523,0.8579335793357934,0.32967564
0.5213442325158947,0.8588560885608856,0.3296171
0.5286103542234333,0.8588560885608856,0.3285203
0.5286103542234333,0.8607011070110702,0.32838345
0.5313351498637602,0.8607011070110702,0.32708213
0.5313351498637602,0.8616236162361623,0.3268415
0.5331516802906449,0.8616236162361623,0.32652348
0.5331516802906449,0.8625461254612546,0.32650986
0.5367847411444142,0.8625461254612546,0.3260344
0.5367847411444142,0.8634686346863468,0.32596698
0.5386012715712988,0.8634686346863468,0.32577732
0.5395095367847411,0.8643911439114391,0.32574534
0.5395095367847411,0.8653136531365314,0.32570687
0.5422343324250681,0.8653136531365314,0.32529086
0.5440508628519528,0.8662361623616236,0.32523692
0.5440508628519528,0.8671586715867159,0.3251354
0.547683923705722,0.8671586715867159,0.32436606
0.547683923705722,0.8690036900369004,0.3241717
0.5513169845594914,0.8690036900369004,0.32385013
0.5513169845594914,0.8699261992619927,0.32371613
0.5522252497729337,0.8699261992619927,0.32360166
0.5522252497729337,0.8708487084870848,0.32359952
0.553133514986376,0.8717712177121771,0.32352868
0.5613079019073569,0.8717712177121771,0.32253888
0.5613079019073569,0.8754612546125461,0.32146877
0.5622161671207992,0.8754612546125461,0.3214631
0.5622161671207992,0.8763837638376384,0.32106906
0.5640326975476839,0.8763837638376384,0.32096568
0.5640326975476839,0.8773062730627307,0.32089758
0.5667574931880109,0.8773062730627307,0.3204937
0.5667574931880109,0.8782287822878229,0.32044777
0.5685740236148955,0.8782287822878229,0.32026574
0.5722070844686649,0.8782287822878229,0.32005274
0.5740236148955495,0.8791512915129152,0.31999382
0.5740236148955495,0.8828413284132841,0.31948596
0.5758401453224341,0.8828413284132841,0.31918222
0.5776566757493188,0.8828413284132841,0.31905913
0.5785649409627611,0.8828413284132841,0.31896406
0.5785649409627611,0.8837638376383764,0.31889746
0.5794732061762035,0.8837638376383764,0.31873634
0.5794732061762035,0.8846863468634686,0.31866512
0.5831062670299727,0.8846863468634686,0.31832394
0.5876475930971844,0.8846863468634686,0.31662804
0.5876475930971844,0.8856088560885609,0.31650648
0.5894641235240691,0.8856088560885609,0.31604785
0.5894641235240691,0.8865313653136532,0.31575885
0.5912806539509536,0.8865313653136532,0.31504884
0.5967302452316077,0.8865313653136532,0.31503043
0.5967302452316077,0.8883763837638377,0.31470203
0.6003633060853769,0.8883763837638377,0.31375614
0.6003633060853769,0.8892988929889298,0.31361625
0.6021798365122616,0.8892988929889298,0.31321067
0.6021798365122616,0.8902214022140221,0.31317183
0.6039963669391463,0.8902214022140221,0.3128952
0.6049046321525886,0.8911439114391144,0.3128607
0.6112624886466849,0.8911439114391144,0.3119667
0.6112624886466849,0.8920664206642066,0.3119236
0.6148955495004541,0.8929889298892989,0.3119182
0.6158038147138964,0.8939114391143912,0.31191272
0.6185286103542235,0.8939114391143912,0.31118652
0.620345140781108,0.8939114391143912,0.31111374
0.6221616712079927,0.8939114391143912,0.3110445
0.623069936421435,0.8948339483394834,0.3106516
0.6239782016348774,0.8948339483394834,0.3103412
0.6239782016348774,0.8957564575645757,0.3102476
0.6248864668483197,0.8957564575645757,0.31022152
0.6248864668483197,0.8966789667896679,0.31013855
0.6257947320617621,0.8966789667896679,0.30988634
0.6257947320617621,0.8985239852398524,0.3097313
0.628519527702089,0.8985239852398524,0.30959228
0.628519527702089,0.8994464944649446,0.30946267
0.6294277929155313,0.8994464944649446,0.30937302
0.6294277929155313,0.9003690036900369,0.30936602
0.6303360581289736,0.9003690036900369,0.30934024
0.6303360581289736,0.9012915129151291,0.30928788
0.6321525885558583,0.9012915129151291,0.30910414
0.6321525885558583,0.9022140221402214,0.3089928
0.6330608537693007,0.9022140221402214,0.3088142
0.6330608537693007,0.9031365313653137,0.3087539
0.633969118982743,0.9031365313653137,0.30871147
0.633969118982743,0.9049815498154982,0.30827412
0.6385104450499546,0.9049815498154982,0.30792165
0.6394187102633969,0.9059040590405905,0.30767632
0.6403269754768393,0.9059040590405905,0.30757686
0.6403269754768393,0.9068265682656826,0.30736044
0.6439600363306085,0.9068265682656826,0.30725774
0.6457765667574932,0.9068265682656826,0.30710918
0.6457765667574932,0.9077490774907749,0.30695462
0.6475930971843779,0.9077490774907749,0.30693075
0.6503178928247049,0.9077490774907749,0.30675507
0.6503178928247049,0.9086715867158671,0.30672416
0.6539509536784741,0.9086715867158671,0.30629924
0.6539509536784741,0.9095940959409594,0.30620742
0.6639418710263397,0.9095940959409594,0.30537748
0.6657584014532243,0.9114391143911439,0.30511832
0.6666666666666666,0.9114391143911439,0.3051021
0.6666666666666666,0.9132841328413284,0.3044613
0.667574931880109,0.9132841328413284,0.304246
0.667574931880109,0.9142066420664207,0.3041428
0.6684831970935513,0.915129151291513,0.30403927
0.670299727520436,0.915129151291513,0.30377665
0.670299727520436,0.9160516605166051,0.30361262
0.6730245231607629,0.9160516605166051,0.30334544
0.6748410535876476,0.9178966789667896,0.3032982
0.6766575840145322,0.9178966789667896,0.30321434
0.6766575840145322,0.9188191881918819,0.30292103
0.6775658492279746,0.9188191881918819,0.30271077
0.6775658492279746,0.9197416974169742,0.30245587
0.6802906448683016,0.9197416974169742,0.30184713
0.6802906448683016,0.9206642066420664,0.30176628
0.6821071752951862,0.9206642066420664,0.3011856
0.6821071752951862,0.922509225092251,0.30102146
0.6839237057220708,0.922509225092251,0.30085725
0.6866485013623979,0.922509225092251,0.30066246
0.6948228882833788,0.922509225092251,0.2989171
0.6948228882833788,0.9234317343173432,0.29884964
0.6975476839237057,0.9234317343173432,0.2976873
0.6975476839237057,0.9243542435424354,0.29759163
0.6993642143505904,0.9252767527675276,0.29719725
0.7002724795640327,0.9252767527675276,0.2971939
0.7002724795640327,0.9261992619926199,0.29708332
0.701180744777475,0.9261992619926199,0.29655918
0.701180744777475,0.9271217712177122,0.29601312
0.7020890099909174,0.9271217712177122,0.29567608
0.7020890099909174,0.9289667896678967,0.29549253
0.7102633969118983,0.9289667896678967,0.29428548
0.7102633969118983,0.9298892988929889,0.29362437
0.7120799273387829,0.9298892988929889,0.29318064
0.7120799273387829,0.9308118081180812,0.2926689
0.7129881925522252,0.9308118081180812,0.29255205
0.7129881925522252,0.9317343173431735,0.29241222
0.7257039055404177,0.9317343173431735,0.2863811
0.7257039055404177,0.933579335793358,0.28616214
0.7266121707538601,0.933579335793358,0.2858143
0.7266121707538601,0.9354243542435424,0.28493646
0.7284287011807448,0.9354243542435424,0.28413263
0.7320617620345141,0.9354243542435424,0.28176966
0.7329700272479565,0.9363468634686347,0.28165513
0.734786557674841,0.9363468634686347,0.28055894
0.7366030881017257,0.9363468634686347,0.2794402
0.737511353315168,0.9363468634686347,0.27922034
0.7393278837420527,0.9363468634686347,0.27906147
0.740236148955495,0.9363468634686347,0.27882233
0.7420526793823796,0.9363468634686347,0.27876154
0.7447774750227066,0.9363468634686347,0.27682477
0.7447774750227066,0.9372693726937269,0.27625886
0.7465940054495913,0.9372693726937269,0.27593988
0.7465940054495913,0.9381918819188192,0.27585474
0.7484105358764759,0.9381918819188192,0.27557167
0.7493188010899182,0.9391143911439115,0.2743453
0.7493188010899182,0.9400369003690037,0.27416652
0.7502270663033606,0.9400369003690037,0.27382344
0.7502270663033606,0.940959409594096,0.27327108
0.7529518619436876,0.940959409594096,0.27295715
0.7547683923705722,0.940959409594096,0.2727229
0.7547683923705722,0.9428044280442804,0.27093145
0.7565849227974568,0.9428044280442804,0.27063632
0.7565849227974568,0.9437269372693727,0.27018222
0.7574931880108992,0.9437269372693727,0.26960135
0.7574931880108992,0.9446494464944649,0.2693762
0.7620345140781108,0.9446494464944649,0.26750407
0.7620345140781108,0.9455719557195572,0.26713595
0.7656675749318801,0.9455719557195572,0.26458588
0.7674841053587648,0.9455719557195572,0.26378113
0.7693006357856494,0.9455719557195572,0.26243553
0.7693006357856494,0.9464944649446494,0.26239434
0.7702089009990918,0.9464944649446494,0.26237035
0.7720254314259763,0.9464944649446494,0.26139256
0.773841961852861,0.9464944649446494,0.26104203
0.773841961852861,0.9474169741697417,0.2609685
0.776566757493188,0.9474169741697417,0.2592251
0.7774750227066304,0.948339483394834,0.2590501
0.782016348773842,0.948339483394834,0.2568505
0.782016348773842,0.9501845018450185,0.25569838
0.7856494096276113,0.9501845018450185,0.25453782
0.7856494096276113,0.9511070110701108,0.25439557
0.7874659400544959,0.9511070110701108,0.2542798
0.7910990009082652,0.9511070110701108,0.25307298
0.7910990009082652,0.9520295202952029,0.25280848
0.7920072661217076,0.9520295202952029,0.25205475
0.7920072661217076,0.9529520295202952,0.25087488
0.7938237965485921,0.9529520295202952,0.2507306
0.7956403269754768,0.9529520295202952,0.2507249
0.7956403269754768,0.9538745387453874,0.25069332
0.8019981834695731,0.9538745387453874,0.24769686
0.8019981834695731,0.9547970479704797,0.24756278
0.8056312443233424,0.9547970479704797,0.24294156
0.8056312443233424,0.955719557195572,0.24243642
0.810172570390554,0.955719557195572,0.23907642
0.810172570390554,0.9575645756457565,0.23834446
0.8110808356039964,0.9575645756457565,0.23810689
0.8110808356039964,0.9584870848708487,0.23627971
0.8147138964577657,0.9584870848708487,0.23386316
0.815622161671208,0.959409594095941,0.23381664
0.8237965485921889,0.959409594095941,0.23084526
0.8237965485921889,0.9603321033210332,0.2302138
0.8247048138056312,0.9603321033210332,0.22983374
0.8247048138056312,0.9612546125461254,0.22979131
0.8256130790190735,0.9612546125461254,0.22918992
0.8256130790190735,0.9621771217712177,0.22887959
0.8265213442325159,0.9621771217712177,0.22859539
0.8283378746594006,0.9621771217712177,0.22766323
0.8292461398728429,0.9630996309963099,0.22754675
0.8319709355131698,0.9630996309963099,0.22645906
0.8319709355131698,0.9640221402214022,0.22564608
0.8337874659400545,0.9640221402214022,0.22523642
0.8374205267938238,0.9640221402214022,0.22380069
0.8374205267938238,0.9649446494464945,0.22349378
0.8392370572207084,0.9649446494464945,0.22215632
0.8419618528610354,0.9649446494464945,0.22032848
0.8428701180744778,0.9649446494464945,0.2201331
0.8428701180744778,0.9658671586715867,0.21918435
0.849227974568574,0.9658671586715867,0.21753496
0.849227974568574,0.966789667896679,0.216986
0.8501362397820164,0.966789667896679,0.21491273
0.8501362397820164,0.9686346863468634,0.21448727
0.8583106267029973,0.9686346863468634,0.2095141
0.8583106267029973,0.9695571955719557,0.20914708
0.860127157129882,0.9695571955719557,0.2082768
0.860127157129882,0.9704797047970479,0.2082251
0.8710263396911898,0.9704797047970479,0.20485741
0.8710263396911898,0.9714022140221402,0.20400399
0.8719346049046321,0.9714022140221402,0.2038568
0.8719346049046321,0.9723247232472325,0.20379116
0.8810172570390554,0.9723247232472325,0.2011628
0.8810172570390554,0.974169741697417,0.20058066
0.8819255222524978,0.974169741697417,0.19945453
0.8837420526793823,0.974169741697417,0.1993889
0.8846503178928247,0.974169741697417,0.19851433
0.8846503178928247,0.9769372693726938,0.19694535
0.8864668483197093,0.9769372693726938,0.19615659
0.888283378746594,0.9769372693726938,0.19444552
0.888283378746594,0.9787822878228782,0.19381614
0.888283378746594,0.9797047970479705,0.1937384
0.8891916439600364,0.9797047970479705,0.19348022
0.8910081743869209,0.9797047970479705,0.19325918
0.8919164396003633,0.9797047970479705,0.1931581
0.8919164396003633,0.981549815498155,0.19264701
0.8928247048138056,0.9824723247232472,0.19227387
0.9028156221616712,0.9824723247232472,0.18925586
0.9028156221616712,0.9833948339483395,0.18913026
0.9064486830154405,0.9833948339483395,0.1884369
0.9082652134423251,0.9833948339483395,0.1879903
0.9091734786557675,0.9833948339483395,0.18767093
0.9091734786557675,0.9843173431734318,0.18710062
0.9128065395095368,0.9843173431734318,0.18673912
0.9128065395095368,0.985239852398524,0.18671793
0.9146230699364214,0.985239852398524,0.18620482
0.9146230699364214,0.9861623616236163,0.18614241
0.9155313351498637,0.9861623616236163,0.1860305
0.9155313351498637,0.9870848708487084,0.18587703
0.9173478655767484,0.9870848708487084,0.18563081
0.9173478655767484,0.988929889298893,0.1854908
0.9237057220708447,0.988929889298893,0.1826032
0.9237057220708447,0.9898523985239852,0.1825077
0.924613987284287,0.9898523985239852,0.18228684
0.9264305177111717,0.9898523985239852,0.18226403
0.9309718437783833,0.9898523985239852,0.18173277
0.932788374205268,0.9898523985239852,0.18162286
0.9391462306993642,0.9898523985239852,0.17984684
0.9391462306993642,0.9907749077490775,0.17977004
0.9418710263396912,0.9907749077490775,0.17890273
0.9418710263396912,0.9916974169741697,0.1786525
0.9427792915531336,0.9916974169741697,0.17852156
0.9427792915531336,0.992619926199262,0.1778931
0.9500454132606722,0.992619926199262,0.17481048
0.9500454132606722,0.9935424354243543,0.17457378
0.9545867393278837,0.9935424354243543,0.17345074
0.9564032697547684,0.9935424354243543,0.17341875
0.9573115349682108,0.9935424354243543,0.17339374
0.9963669391462306,1.0,0.17334342
1.0,1.0,0.17220041
